{
    "end_coords": [
        -66.280513,
        -58.282422,
        -54.753339,
        -63.594742
    ],
    "intermediate_goals": [
        [
            23.634847,
            23.634847,
            -32.726926,
            -70.931893
        ],
        [
            116.112332,
            116.112332,
            -33.781067,
            -66.701605
        ]
    ],
    "hour_scale": 6,
    "constrain_radius": 20,
    "precision_level": 1,
    "map": [
        18771,
        9385
    ]
}